{"mean":{"confidence_interval":{"confidence_level":0.95,"lower_bound":-0.06304420735178949,"upper_bound":0.010516795335211493},"point_estimate":-0.02642309776325691,"standard_error":0.018745263372992337},"median":{"confidence_interval":{"confidence_level":0.95,"lower_bound":-0.01526036146060794,"upper_bound":0.007637672624451808},"point_estimate":-0.0027574308417280813,"standard_error":0.005902838002734325}}